avg(dti_ratio),age_group
0.476484,65+
1.471837,55-64
1.548130,45-54
1.519169,35-44
1.596992,25-34
1.595248,18-24
